{
    "device_name": "NVIDIA RTX A5000",
    "device_compute_time_model": {
        "torch.float16": {
            "alpha": -459.48761550782365,
            "beta": 1.4121829182319844e-08,
            "data": [
                [
                    4194304,
                    3943870128,
                    26962544000,
                    86191756432,
                    198505694000,
                    381410242432,
                    651889521936,
                    1027075073024,
                    1523097495936,
                    2158828187024,
                    2950629342208,
                    3915632502000,
                    5068738248208,
                    6431156352000,
                    8018140652912,
                    9846822691456,
                    11930386598912,
                    14293353385456,
                    16949382102144,
                    19915604289488,
                    23203001196144,
                    26840377935488,
                    30839312338000,
                    35216935944192,
                    39981540688000,
                    45167188650192,
                    50782890008576,
                    56845776303664,
                    63360963722576,
                    70368744177664
                ],
                [
                    15.308800339698792,
                    64.76640105247498,
                    383.3343982696533,
                    1207.7568054199219,
                    2849.4335174560547,
                    5465.190505981445,
                    8902.912139892578,
                    12695.91064453125,
                    20799.282836914062,
                    30608.792114257812,
                    37996.697998046875,
                    54138.57421875,
                    70260.47973632812,
                    85908.68530273438,
                    112820.52001953125,
                    134488.9404296875,
                    229662.40234375,
                    196331.11572265625,
                    233195.0927734375,
                    280647.412109375,
                    325305.3466796875,
                    381157.7880859375,
                    444604.443359375,
                    428264.404296875,
                    548659.326171875,
                    654832.2265625,
                    672709.521484375,
                    836673.4375,
                    913917.1875,
                    1000192.3828125
                ]
            ]
        },
        "torch.bfloat16": {
            "alpha": 7265.928475887689,
            "beta": 1.3043110097975633e-08,
            "data": [
                [
                    4194304,
                    3943870128,
                    26962544000,
                    86191756432,
                    198505694000,
                    381410242432,
                    651889521936,
                    1027075073024,
                    1523097495936,
                    2158828187024,
                    2950629342208,
                    3915632502000,
                    5068738248208,
                    6431156352000,
                    8018140652912,
                    9846822691456,
                    11930386598912,
                    14293353385456,
                    16949382102144,
                    19915604289488,
                    23203001196144,
                    26840377935488,
                    30839312338000,
                    35216935944192,
                    39981540688000,
                    45167188650192,
                    50782890008576,
                    56845776303664,
                    63360963722576,
                    70368744177664
                ],
                [
                    12.068799883127213,
                    74.75200295448303,
                    389.32480812072754,
                    1163.5711669921875,
                    2782.3104858398438,
                    5430.6304931640625,
                    8894.668579101562,
                    12652.44140625,
                    20984.62677001953,
                    30850.35400390625,
                    37798.91052246094,
                    53626.06201171875,
                    69957.87963867188,
                    84797.38159179688,
                    112986.1083984375,
                    133366.68701171875,
                    229874.90234375,
                    196134.3017578125,
                    230708.4716796875,
                    274315.869140625,
                    320272.0703125,
                    371337.3291015625,
                    432090.33203125,
                    421120.751953125,
                    534060.83984375,
                    637630.95703125,
                    620469.873046875,
                    812172.607421875,
                    875591.89453125,
                    833851.85546875
                ]
            ]
        },
        "torch.float32": {
            "alpha": 6222.794258012669,
            "beta": 6.505054153613263e-08,
            "data": [
                [
                    4194304,
                    3943870128,
                    26962544000,
                    86191756432,
                    198505694000,
                    381410242432,
                    651889521936,
                    1027075073024,
                    1523097495936,
                    2158828187024,
                    2950629342208,
                    3915632502000,
                    5068738248208,
                    6431156352000,
                    8018140652912,
                    9846822691456,
                    11930386598912,
                    14293353385456,
                    16949382102144,
                    19915604289488,
                    23203001196144,
                    26840377935488,
                    30839312338000,
                    35216935944192,
                    39981540688000,
                    45167188650192,
                    50782890008576,
                    56845776303664,
                    63360963722576,
                    70368744177664
                ],
                [
                    12.337599694728851,
                    296.0383892059326,
                    1674.5471954345703,
                    5874.534225463867,
                    12877.055358886719,
                    24292.454528808594,
                    41355.413818359375,
                    65973.6083984375,
                    98776.00708007812,
                    143203.076171875,
                    190373.73046875,
                    249497.4365234375,
                    341309.27734375,
                    409664.35546875,
                    525001.46484375,
                    642712.646484375,
                    772512.548828125,
                    927218.75,
                    1138662.98828125,
                    1315783.0078125,
                    1512784.86328125,
                    1749117.96875,
                    2014232.2265625,
                    2311317.96875,
                    2716839.6484375,
                    2955397.65625,
                    3333446.875,
                    3762232.03125,
                    4159516.40625,
                    4411414.453125
                ]
            ]
        }
    },
    "device_memory_time_model": {
        "alpha": 8.933205827037455,
        "beta": 7.303028421137834e-07,